{
  "project_info": {
    "project_number": "426255379158",
    "project_id": "padeldef",
    "storage_bucket": "padeldef.firebasestorage.app"
  },
  "client": [
    {
      "client_info": {
        "mobilesdk_app_id": "1:426255379158:android:ba9107afda0d4c44d9b777",
        "android_client_info": {
          "package_name": "com.example.padeldef"
        }
      },
      "oauth_client": [],
      "api_key": [
        {
          "current_key": "AIzaSyA0h6ZndLj0z5RUl843IKfGY5DeENsx6AY"
        }
      ],
      "services": {
        "appinvite_service": {
          "other_platform_oauth_client": []
        }
      }
    }
  ],
  "configuration_version": "1"
}